Date,Title
02-07-2025 03:15,"NIFTY NEXT 50 Index Live , 02 July 2025 : Historical performance overview of Nifty Next 50"
03-07-2025 12:00,"Technical View : As momentum seems to fade in Nifty , further consolidation with negative bias cant be ruled out"
02-07-2025 11:45,Does MACD Work in India ? 25 - Year Backtest on Nifty Indices
02-07-2025 03:15,"NIFTY BANK Index Live , 02 July 2025 : Review of weekly , monthly and yearly historical performance of Nifty Bank"
02-07-2025 03:15,"NIFTY MIDCAP 150 Index Live , 02 July 2025 : Weekly , monthly and yearly historical performance of Nifty Midcap 150"
04-07-2025 04:30,"Nifty 50 , Sensex likely to continue range - bound trade ; check key levels to track on July 4"
02-07-2025 03:00,"Nifty , Sensex likely to open flat as rangebound trade continues ; key levels to track on July 2"
02-07-2025 05:15,"Pune E - Stock Share Price , Pune E - Stock Stock Price , Pune E - Stock Broking Ltd . Stock Price , Share Price , Live BSE / NSE , Pune E - Stock Broking Ltd . Bids Offers . Buy / Sell Pune E - Stock Broking Ltd . news & tips , & F & O Quotes , NSE ..."
03-07-2025 05:15,"Abha Power Share Price , Abha Power Stock Price , Abha Power and Steel Ltd . Stock Price , Share Price , Live BSE / NSE , Abha Power and Steel Ltd . Bids Offers . Buy / Sell Abha Power and Steel Ltd . news & tips , & F & O Quotes , NSE / BSE Forecast..."
04-07-2025 04:30,"Neetu Yoshi Share Price , Neetu Yoshi Stock Price , Neetu Yoshi Ltd . Stock Price , Share Price , Live BSE / NSE , Neetu Yoshi Ltd . Bids Offers . Buy / Sell Neetu Yoshi Ltd . news & tips , & F & O Quotes , NSE / BSE Forecast News and Live Quotes"
04-07-2025 04:30,"Adcounty Media Share Price , Adcounty Media Stock Price , Adcounty Media India Ltd . Stock Price , Share Price , Live BSE / NSE , Adcounty Media India Ltd . Bids Offers . Buy / Sell Adcounty Media India Ltd . news & tips , & F & O Quotes , NSE / BSE ..."
05-07-2025 03:30,"Mufin Green Share Price , Mufin Green Stock Price , Mufin Green Finance Ltd . Stock Price , Share Price , Live BSE / NSE , Mufin Green Finance Ltd . Bids Offers . Buy / Sell Mufin Green Finance Ltd . news & tips , & F & O Quotes , NSE / BSE Forecast ..."
02-07-2025 18:15,"Trading Plan : Can Nifty 50 hold 25 , 400 , Bank Nifty find support at 56 , 800 ? "
02-07-2025 17:30,Trade setup for July 3 : Top 15 things to know before the opening bell
03-07-2025 02:30,"Dalal Street likely to see another flat start , investors await Q1 earnings ; levels to track on July 3"
03-07-2025 05:15,"Nifty 50 Top Gainers : Asian Paints , M & M , ONGC , Tata Steel , Hindalco stocks lead today in intraday trading"
03-07-2025 07:30,"Nifty holds above 25 , 500 on expiry day , Sensex gains over 200 points ; banking , financial stocks drag"
03-07-2025 05:15,"Sensex flat , Nifty under 25 , 500 on weekly expiry ; IT , metals outshine"
03-07-2025 02:30,"Stock Market LIVE Updates : GIFT Nifty indicates a firm start ; US , Asian markets gain"
04-07-2025 04:30,"Sensex sees flat start , Nifty hovers above 25 , 400 as volatility spikes ; IT , FMCG stocks lead"
03-07-2025 14:30,"Sitaare Zameen Par : Gold , silver and global funds shine brighter than domestic equity stars"
03-07-2025 02:30,Beyond borders : Why global investing makes sense for Indian portfolios
04-07-2025 04:30,"Stock Market LIVE Updates : Nifty 25 , 400 , Sensex flat ; Nuvama Wealth down 5 %, Marico gains 4 % "
08-07-2025 07:45,"Globe Civil Pro Share Price , Globe Civil Pro Stock Price , Globe Civil Projects Ltd . Stock Price , Share Price , Live BSE / NSE , Globe Civil Projects Ltd . Bids Offers . Buy / Sell Globe Civil Projects Ltd . news & tips , & F & O Quotes , NSE / BS..."
10-07-2025 09:15,"Sacheerome Share Price , Sacheerome Stock Price , Sacheerome Ltd . Stock Price , Share Price , Live BSE / NSE , Sacheerome Ltd . Bids Offers . Buy / Sell Sacheerome Ltd . news & tips , & F & O Quotes , NSE / BSE Forecast News and Live Quotes"
08-07-2025 03:30,"Lake Shore Real Share Price , Lake Shore Real Stock Price , Lake Shore Realty Ltd . Stock Price , Share Price , Live BSE / NSE , Lake Shore Realty Ltd . Bids Offers . Buy / Sell Lake Shore Realty Ltd . news & tips , & F & O Quotes , NSE / BSE Forecas..."
08-07-2025 07:45,"Retaggio Ind Share Price , Retaggio Ind Stock Price , Retaggio Industries Ltd . Stock Price , Share Price , Live BSE / NSE , Retaggio Industries Ltd . Bids Offers . Buy / Sell Retaggio Industries Ltd . news & tips , & F & O Quotes , NSE / BSE Forecas..."
10-07-2025 02:15,"Julien Agro Inf Share Price , Julien Agro Inf Stock Price , Julien Agro Infratech Ltd . Stock Price , Share Price , Live BSE / NSE , Julien Agro Infratech Ltd . Bids Offers . Buy / Sell Julien Agro Infratech Ltd . news & tips , & F & O Quotes , NSE /..."
11-07-2025 09:30,"Abram Food Share Price , Abram Food Stock Price , Abram Food Ltd . Stock Price , Share Price , Live BSE / NSE , Abram Food Ltd . Bids Offers . Buy / Sell Abram Food Ltd . news & tips , & F & O Quotes , NSE / BSE Forecast News and Live Quotes"
11-07-2025 09:45,"Rama Telecom Share Price , Rama Telecom Stock Price , Rama Telecom Ltd . Stock Price , Share Price , Live BSE / NSE , Rama Telecom Ltd . Bids Offers . Buy / Sell Rama Telecom Ltd . news & tips , & F & O Quotes , NSE / BSE Forecast News and Live Quote..."
08-07-2025 07:45,"3C IT Solutions Share Price , 3C IT Solutions Stock Price , 3C IT Solutions & Telecom India Ltd . Stock Price , Share Price , Live BSE / NSE , 3C IT Solutions & Telecom India Ltd . Bids Offers . Buy / Sell 3C IT Solutions & Telecom India Ltd . news &..."
10-07-2025 02:15,"LMW Share Price , LMW Stock Price , LMW Ltd . Stock Price , Share Price , Live BSE / NSE , LMW Ltd . Bids Offers . Buy / Sell LMW Ltd . news & tips , & F & O Quotes , NSE / BSE Forecast News and Live Quotes"
09-07-2025 08:30,"Bulls and bears stay on sidelines as Nifty , Sensex struggle for direction , volatility cools"
11-07-2025 03:15,"Trading Plan : Can bears drag Nifty 50 toward 25 , 200 , Bank Nifty near previous week low ? "
08-07-2025 07:15,"Infosys shares among top gainers on Nifty 50 , rise 0 . 34 % "
11-07-2025 17:30,Glenmark Pharma soars 10 % to record high on AbbVie cancer treatment licensing deal
06-07-2025 17:45,Trade setup for July 7 : Top 15 things to know before the opening bell
08-07-2025 17:30,Trade setup for July 9 : Top 15 things to know before the opening bells
11-07-2025 03:15,Trade setup for July 11 : Top 15 things to know before the opening bells
08-07-2025 12:30,US stock futures steady as markets look to rebound from Trump tariff jitters
09-07-2025 14:30,FIIs net buy shares worth Rs 77 crore while DIIs net bought Rs 920 crore - worth shares on July 9
12-07-2025 03:15,"Chartist Talks : I - Sec Dharmesh Shah sees strong Nifty structure despite recent correction ; expects index to reach 25 , 800 in August"
09-07-2025 03:00,"Nifty , Sensex likely to see further consolidation , pharma in focus ; key levels to watch on July 9"
07-07-2025 03:45,"Stock Market LIVE Updates : GIFT Nifty suggests a muted start ; Dhanlaxmi Bank , Kalyan Jewellers , RVNL , Bocon in focus"
07-07-2025 03:45,"Sensex , Nifty set for subdued start to the week ; key levels to track on July 7"
10-07-2025 10:15,Moneycontrol Pro Panorama | Looking beyond the haze in June quarter earnings
10-07-2025 09:15,Infosys shares fall 1 . 37 %; stock among top losers on Nifty 50
08-07-2025 03:30,"Stock Market LIVE Updates : GIFT Nifty hints a flat start ; Titan , Navin Fluorine , Kotak Bank in focus"
11-07-2025 10:15,LTIMindtree shares decline 2 . 27 % amid volume surge ; stock among top losers on Nifty Next 50
07-07-2025 03:45,"Daily Voice : Amid global trade shifts , focus on companies with domestic strength , says Enam Jiten Doshi"
08-07-2025 06:30,Bajaj Holdings share price falls 2 . 03 % in morning trade
11-07-2025 09:30,Bharti Airtel shares fall 2 . 32 %; stock among top losers on Nifty 50
07-07-2025 03:45,Moneycontrol Pro Market Outlook | Trade deal progress to determine market moves in coming days
11-07-2025 10:00,"Bajaj Auto shares fall 2 . 53 % amid volume surge , among top losers on Nifty 50"
11-07-2025 10:15,GAIL India share price falls 2 . 03 %; stock among top losers on Nifty Next 50
08-07-2025 07:45,Bosch stock falls marginally amid high volume in today session
11-07-2025 09:15,Bosch shares jump 1 . 40 % amid high volume in today session
11-07-2025 09:30,Power Finance Corporation shares gain 1 . 22 % amid volume surge
11-07-2025 09:45,Dabur India shares rise 2 . 05 % among top gainers on Nifty Next 50
13-07-2025 03:30,Mysterious option trades put spotlight on NSE Nifty 50 index
14-07-2025 13:00,"Technical View : Fall towards 50 - DEMA level cant be ruled out if Nifty breaks psychological mark of 25 , 000"
16-07-2025 03:45,HDFC Life shares in focus as brokerages remain bullish after stable Q1 results
13-07-2025 14:45,"Trading Plan : Can Nifty 50 , Bank Nifty extend downward move for fourth consecutive session ? "
15-07-2025 02:00,"AWL Agri Share Price , AWL Agri Stock Price , AWL Agri Business Ltd . Stock Price , Share Price , Live BSE / NSE , AWL Agri Business Ltd . Bids Offers . Buy / Sell AWL Agri Business Ltd . news & tips , & F & O Quotes , NSE / BSE Forecast News and Liv..."
19-07-2025 02:15,"Vardhman Acryli Share Price , Vardhman Acryli Stock Price , Vardhman Acrylics Ltd . Stock Price , Share Price , Live BSE / NSE , Vardhman Acrylics Ltd . Bids Offers . Buy / Sell Vardhman Acrylics Ltd . news & tips , & F & O Quotes , NSE / BSE Forecas..."
16-07-2025 02:15,"Ultramarine Share Price , Ultramarine Stock Price , Ultramarine and Pigments Ltd . Stock Price , Share Price , Live BSE / NSE , Ultramarine and Pigments Ltd . Bids Offers . Buy / Sell Ultramarine and Pigments Ltd . news & tips , & F & O Quotes , NSE ..."
16-07-2025 05:30,"Adani Ports shares gain 1 . 72 %, among top gainers on Nifty 50"
15-07-2025 11:45,"Technical View : Nifty needs to reclaim 25 , 300 for sustained uptrend , India VIX approaches 15 - month low"
15-07-2025 05:30,"Hero MotoCorp , IndusInd Bank among top gainers on Nifty 50"
18-07-2025 03:00,"Trading Plan : Can Nifty 50 , Bank Nifty manage to rebound amid rangebound trading ? "
15-07-2025 10:30,Gainers & Losers : Top stocks that moved the most on July 15
15-07-2025 05:30,"Rallis India shares jump 9 %, hit new all - time high as profit nearly doubles in Q1"
17-07-2025 06:00,"Citi downgrades Indian equities to  neutral  on lofty valuations , upgrades China , South Korea"
13-07-2025 16:15,Trade setup for July 14 : Top 15 things to know before the opening bells
14-07-2025 17:00,Trade setup for July 15 : Top 15 things to know before the opening bells
14-07-2025 05:00,"VIP Industries shares sink 4 % as Piramal family to sell 32 % stake , trigger open offer"
16-07-2025 04:45,ICICI Lombard shares rise as brokerages cheer healthy Q1 results
18-07-2025 09:30,Tata Consultancy Services shares decline marginally in today session ; over 25 lakh shares traded
16-07-2025 03:45,"Infosys to announce first quarter results on July 23 , 2025 ; stock dividend yield at 2 . 71 % "
16-07-2025 04:45,"ICICI Prudential shares fall 4 % as weak topline , persistency slide disappoint brokerages"
17-07-2025 12:45,ICICI Bank Q1 Preview : Modest growth likely as margins come under pressure
18-07-2025 05:00,Polycab India shares rise nearly 3 % on strong Q1 ; UBS ups target price
17-07-2025 13:00,Nasdaq Futures inch up ; Dollar extends gains as Trump revives tariff threats
17-07-2025 11:45,"HDFC Bank Q1 Preview : NII to grow in single - digits amid slower loan growth , margins may compress"
16-07-2025 05:30,ITC shares fall moderately in today session ; over 13 . 8 lakh shares traded
15-07-2025 10:30,"Sun Pharmaceutical Industries shares surge 2 . 72 % amid high volume , among top gainers on Nifty 50"
17-07-2025 03:30,"GIFT Nifty indicates a positive start for Sensex , Nifty ; key levels to track on July 17"
17-07-2025 14:15,"FII offload stocks worth Rs 3 , 694 and DIIs buy Rs 2 , 820 worth of shares on July 17"
16-07-2025 05:45,Shriram Finance shares fall 2 . 7 %; stock among top losers on Nifty 50
18-07-2025 09:30,Bharti Airtel share price falls 1 . 53 %; stock among top losers on Nifty 50
16-07-2025 04:45,"Nifty 50 top gainers : Trent , Tech Mahindra , HDFC Bank stocks lead index in today trading"
16-07-2025 06:15,Avenue Supermarts share price rises 2 . 02 % 
15-07-2025 16:30,"Trade Spotlight : How should you trade Sun Pharma , Blue Star , Hero MotoCorp , Britannia , Acutaas Chemicals , Religare Enterprises and others on July 16 ? "
19-07-2025 02:15,"Chartist Talks : FII long - short ratio signals limited Nifty downside , these 3 stocks likely to continue northward journey , says Sudeep Shah of SBI Securities"
15-07-2025 06:30,Samvardhana Motherson International shares rise 2 . 07 % in Tuesday session
16-07-2025 04:45,Swiggy shares rise 2 . 25 % in early trade
15-07-2025 08:15,Hindustan Unilever shares edge marginally higher on July 15
15-07-2025 06:30,"Hero Motocorp , Bajaj Auto among top gainers on Nifty 50"
14-07-2025 05:00,"Stock Market LIVE Updates : Nifty below 25 , 100 , Sensex down 220 pts ; Travel Food Services lists at 2 % premium"
18-07-2025 17:00,"Reliance Industries reports highest - ever consolidated quarterly profit , EBITDA in Q1 : Here are 10 key highlights"
13-07-2025 03:30,"Chartist Talks : SBI Sec Sudeep Shah bullish on 4 stocks , but signals avoid for telecom stock , sees this bank at overbought zone after 81 % rally"
15-07-2025 10:30,Indian Hotels Company shares rise 2 % in today session
15-07-2025 10:30,Varun Beverages shares rise 2 . 04 % 
20-07-2025 17:15,"Smartworks Cowo Share Price , Smartworks Cowo Stock Price , Smartworks Coworking Spaces Ltd . Stock Price , Share Price , Live BSE / NSE , Smartworks Coworking Spaces Ltd . Bids Offers . Buy / Sell Smartworks Coworking Spaces Ltd . news & tips , & F ..."
24-07-2025 03:00,Mutual funds bet big on small - caps in June quarter ; majority sees MF stake rise
24-07-2025 03:00,IEX shares in focus as electricity regulator approves power coupling in day - ahead markets
22-07-2025 18:30,Trade setup for July 23 : Top 15 things to know before the opening bells
24-07-2025 03:00,Trade setup for July 24 : Top 15 things to know before the opening bells
22-07-2025 02:45,"GIFT Nifty , global cues indicate positive start for D - Street ; key levels to track on July 22"
22-07-2025 07:15,"Nifty , Sensex range - bound even as volatility cools ; pharma , realty stocks under selling pressure"
23-07-2025 07:30,"Auto stocks drive gains in Sensex , Nifty nears 25 , 200 as US - Japan trade deal supports sentiment"
23-07-2025 07:30,Hindustan Unilever shares fall 0 . 92 % in Wednesday trading
25-07-2025 02:45,First Tick : Here are the top global cues for today trade
22-07-2025 02:45,First Tick : Here are the top global cues for today trade
23-07-2025 05:00,First Tick : Here are the top global cues for today trade
24-07-2025 03:00,First Tick : Here are the top global cues for today trade
22-07-2025 07:15,"MC CEO Pay Report : Pawan Munjal , Rajeev Jain took home over Rs 100 crore each in FY25"
21-07-2025 11:00,"Taking Stock : Nifty at 25 , 100 on smart recovery led by banks , Sensex gains over 440 points"
22-07-2025 12:15,Gainers & Losers : Stocks that moved the most on July 22
24-07-2025 09:00,LTIMindtree shares fall 2 % in today session
22-07-2025 02:45,"Stock Market LIVE Updates : GIFT Nifty hints a strong start ; US , Asian markets mixed"
25-07-2025 02:45,"Staying invested works , but drawdowns deserve your respect too"
23-07-2025 05:00,"Stock Market LIVE Updates : Nifty at 25 , 100 , Sensex up 150 pts ; realty index down 2 %, autos up 1 % "
25-07-2025 05:45,JSW Energy shares fall 2 . 03 % in morning trade
01-08-2025 12:15,"Technical View : Correction continues for 5th straight week , bears can drag Nifty to 24 , 000 if it decisively falls below June low"
29-07-2025 11:45,"Technical View : Reclaiming 24 , 950 crucial for Nifty bulls to continue upward journey , Bank Nifty back above 50 - day EMA"
30-07-2025 12:15,Technical View : Further major upmove unlikely until Nifty decisively surpasses 50 - day EMA
28-07-2025 10:30,"Swastika Castal Share Price , Swastika Castal Stock Price , Swastika Castal Ltd . Stock Price , Share Price , Live BSE / NSE , Swastika Castal Ltd . Bids Offers . Buy / Sell Swastika Castal Ltd . news & tips , & F & O Quotes , NSE / BSE Forecast News..."
28-07-2025 10:30,"Savy Infra Share Price , Savy Infra Stock Price , Savy Infra and Logistics Ltd . Stock Price , Share Price , Live BSE / NSE , Savy Infra and Logistics Ltd . Bids Offers . Buy / Sell Savy Infra and Logistics Ltd . news & tips , & F & O Quotes , NSE / ..."
28-07-2025 02:15,First Tick : Here are the top global cues for today trade
28-07-2025 02:15,"Piotex Ind Share Price , Piotex Ind Stock Price , Piotex Industries Ltd . Stock Price , Share Price , Live BSE / NSE , Piotex Industries Ltd . Bids Offers . Buy / Sell Piotex Industries Ltd . news & tips , & F & O Quotes , NSE / BSE Forecast News and..."
30-07-2025 04:00,First Tick : Here are the top global cues for today trade
28-07-2025 12:15,"Technical View : Nifty bears next target seen at 100 - day EMA , India VIX reaches three - week high"
31-07-2025 12:00,Technical View : Bearish sentiment may prevail until Nifty decisively takes out today high
29-07-2025 02:45,"NIFTY BANK Index Live , 29 July 2025 : Nifty Bank opened at 56215 . 10 points"
29-07-2025 05:45,"Bharat Electronics shares fall 2 . 16 %, stock among top losers on Nifty 50"
29-07-2025 11:45,"Taking Stock : Nifty snaps three - day fall to close above 24 , 800 , Sensex gains 447 points in broad - based rally"
31-07-2025 11:15,"Taking Stock : Nifty below 24 , 800 despite mid - day recovery as expiry , Trump tariff play out"
27-07-2025 18:30,Trade setup for July 28 : Top 15 things to know before the opening bells
28-07-2025 02:15,"Trading Plan : Can bears drag Nifty 50 down to 24 , 700 , Bank Nifty toward 56 , 200 ? "
31-07-2025 17:30,Trade setup for August 1 : Top 15 things to know before the opening bells
27-07-2025 16:45,"Dalal Street Week Ahead : Q1 earnings , Fed meet , trade deal update , US jobs data , auto sales among 10 key factors to watch"
29-07-2025 08:15,"Axis Bank , Eternal , TCS among top losers on Nifty 50"
29-07-2025 05:45,"Homegrown Heft : 80 % of Nifty 500 revenues are domestic , & why that good news"
30-07-2025 06:30,"L & T shares jump 4 % after firm Q1 earnings beat estimates : Should you buy , sell or hold ? "
29-07-2025 02:45,"Trading Plan : Can Nifty 50 defend 24 , 600 , Bank Nifty hold 56 , 000 amid consolidation ? "
29-07-2025 08:15,"Infosys shares among top losers on Nifty 50 , decline 0 . 39 % "
31-07-2025 07:15,"Trump 25 % tariff : Use market dips for lump - sum buys , diversify globally , say experts"
29-07-2025 02:45,"Sensex , Nifty set for weak open amid mixed global cues ; key levels to track on July 29"
28-07-2025 10:30,"Sensex hits one - month low , Nifty under 24 , 600 as heavyweights drag , volatility soars 7 % "
28-07-2025 12:15,"Sensex hits one - month low , Nifty under 24 , 700 as heavyweights drag , volatility soars 7 % "
02-08-2025 01:45,"Chartist Talk : This VP shares 2 buy and 2 sell picks amid market caution ; Nifty at risk below 24 , 400"
28-07-2025 02:15,"Chartist Talks : Bank Nifty faces fatigue , Nifty may test 24 , 400 – 24 , 600 , says Sameet Chavan of Angel One"
30-07-2025 04:00,How to use cash smartly during market highs
29-07-2025 02:45,"Trade Spotlight : How should you trade TCS , Cipla , Torrent Pharma , NCC , Paytm , SBI Life Insurance , UPL , Syrma SGS Technology and others on July 29 ? "
30-07-2025 06:30,ITC shares fall 0 . 55 % in Wednesday trading session
05-08-2025 04:00,"Max Health , Indigo may join Nifty 50 ; Swiggy , Dabur to exit Nifty Junior : Nuvama"
08-08-2025 12:45,Nifty Posts Longest Losing Streak Since 2020 : Key Factors
05-08-2025 13:00,"Technical View : Decisive fall below 100 - DEMA can extend Nifty sell - off , Bank Nifty bears seen targeting June low"
07-08-2025 07:45,"Dalal Street in red , all sectors trade with losses as Trump additional tariffs spark sell - off"
08-08-2025 04:00,"Nifty , Sensex to see muted start as tariff pressures weigh ; key levels to watch on August 8"
08-08-2025 12:00,"Technical View : Nifty posts 6th weekly loss , longest losing streak since 2020 Covid lows ; bears eyeing 200 DEMA"
07-08-2025 10:30,"Nifty reclaims 24 , 600 , Sensex shrugs off Trump 50 % tariff threat as Dalal Street recovers"
07-08-2025 04:30,"Harig Crankshaf Share Price , Harig Crankshaf Stock Price , Harig Crankshaft Ltd . Stock Price , Share Price , Live BSE / NSE , Harig Crankshaft Ltd . Bids Offers . Buy / Sell Harig Crankshaft Ltd . news & tips , & F & O Quotes , NSE / BSE Forecast N..."
04-08-2025 15:15,"Samay Project S Share Price , Samay Project S Stock Price , Samay Project Services Ltd . Stock Price , Share Price , Live BSE / NSE , Samay Project Services Ltd . Bids Offers . Buy / Sell Samay Project Services Ltd . news & tips , & F & O Quotes , NS..."
06-08-2025 06:15,"Axis Solutions Share Price , Axis Solutions Stock Price , Axis Solutions Ltd . Stock Price , Share Price , Live BSE / NSE , Axis Solutions Ltd . Bids Offers . Buy / Sell Axis Solutions Ltd . news & tips , & F & O Quotes , NSE / BSE Forecast News and ..."
07-08-2025 04:30,"Nifty 50 top gainers : Trent stock jumps 4 . 4 %; Hero Moto , Bajaj Finserv , Titan among others leading the index today"
06-08-2025 01:45,"M & B Eng Share Price , M & B Eng Stock Price , M & B Engineering Ltd . Stock Price , Share Price , Live BSE / NSE , M & B Engineering Ltd . Bids Offers . Buy / Sell M & B Engineering Ltd . news & tips , & F & O Quotes , NSE / BSE Forecast News and L..."
07-08-2025 04:30,"Renol Polychem Share Price , Renol Polychem Stock Price , Renol Polychem Ltd . Stock Price , Share Price , Live BSE / NSE , Renol Polychem Ltd . Bids Offers . Buy / Sell Renol Polychem Ltd . news & tips , & F & O Quotes , NSE / BSE Forecast News and ..."
07-08-2025 04:30,"Tata Motors share price falls 1 . 52 %, Kotak Mahindra also among top losers on Nifty 50"
03-08-2025 17:45,"Dalal Street Week Ahead : Q1 results , RBI policy , Trump tariff updates among 10 key factors to watch"
06-08-2025 04:15,"Nifty , Sensex see flat start as investors eye RBI policy while IT , pharma stocks under pressure"
06-08-2025 12:45,US futures higher as investors track jobless claims data and key earnings
08-08-2025 08:45,"NTPC , Titan Company among top gainers on Nifty 50"
05-08-2025 18:30,Trade setup for August 6 : Top 15 things to know before the opening bells
04-08-2025 04:00,"LIC Housing shares in focus as profit grows 5 % YoY in Q1 , asset quality improves"
06-08-2025 04:15,"Nifty , Sensex may see quiet start as investors await RBI policy decision ; key levels to track on August 6"
07-08-2025 04:30,"Britannia Industries shares rise 2 . 11 % in early trade , among top gainers on Nifty Next 50 index"
08-08-2025 08:45,Adani Enterpris share price falls 3 . 43 %; stock among top losers on Nifty 50
08-08-2025 11:00,Mutual Funds see 1 . 67 crore SIP additions in June quarter ; Groww leads with 42 lakh
08-08-2025 08:45,"Bharti Airtel share price falls 2 . 88 %, hits intraday low"
04-08-2025 04:00,Unilever India new CEO has to invigorate a sluggish consumer giant
05-08-2025 04:00,"Stock Market LIVE Updates : Sensex , Nifty lower at pre - open ; Marico , Angel One , IEX , DLF , Paytm in focus"
04-08-2025 04:00,"Stock Market LIVE Updates : Sensex , Nifty flat at pre - open ; ITC , MCX , Delhivery , Titagarh Rail in focus"
04-08-2025 12:00,Unilever India new CEO has to invigorate a sluggish consumer giant
04-08-2025 04:00,"Trade Spotlight : How should you trade Star Cement , Fortis Healthcare , Vimta Labs , Hitachi Energy , Metropolis Healthcare and others on August 4 ? "
08-08-2025 07:30,Tata Consultancy Services shares trade flat in today session ; over 15 . 9 lakh shares traded
06-08-2025 04:15,"Stock Market LIVE Updates : Nifty at 24 , 650 , Sensex flat ; Bharti airtel up , Britannia down post earnings"
07-08-2025 04:30,"Trade Spotlight : How should you trade IndiGo , Asian Paints , Waaree Energies , Jindal Stainless , CSB Bank , Bajaj Finance and others on August 7 ? "
08-08-2025 07:45,JSW Steel share price falls 2 % in Friday trading session
05-08-2025 04:00,"Trade Spotlight : How should you trade Kaynes Technology , Jindal Stainless , Hero MotoCorp , CCL Products , Grasim Industries and others on August 5 ? "
08-08-2025 10:15,Avenue Supermarts share price falls 2 . 11 % in Friday session ; stock among top losers on Nifty Next 50
07-08-2025 04:30,"Hero Motocorp shares gain 1 . 35 %, among top Nifty 50 gainers in early trade"
04-08-2025 04:00,Moneycontrol Pro Market Outlook | Is the market close to a bottom ? 
08-08-2025 06:30,Tata Consultancy Services shares fall marginally ; over 11 . 7 lakh shares traded
07-08-2025 04:30,"Stock Market LIVE Updates : Nifty around 24 , 500 , Sensex down 170 pts ; auto , metal , oil & gas drag"
08-08-2025 07:45,CG Power and Industrial Solutions share price falls 2 . 05 %; stock among top losers on Nifty Next 50
07-08-2025 10:30,Adani Power shares rise 2 . 04 % in Thursday session
13-08-2025 10:15,"Nifty , Sensex gain on upbeat economic data , rate cut bets while broader markets outperform"
14-08-2025 04:30,"Nifty near 24 , 600 on weekly expiry , Sensex echoes muted Asian markets as volatility rises"
13-08-2025 15:15,"WOL 3D India Share Price , WOL 3D India Stock Price , WOL 3D India Ltd . Stock Price , Share Price , Live BSE / NSE , WOL 3D India Ltd . Bids Offers . Buy / Sell WOL 3D India Ltd . news & tips , & F & O Quotes , NSE / BSE Forecast News and Live Quote..."
14-08-2025 04:30,"Bemco Hydraulic Share Price , Bemco Hydraulic Stock Price , Bemco Hydraulics Ltd . Stock Price , Share Price , Live BSE / NSE , Bemco Hydraulics Ltd . Bids Offers . Buy / Sell Bemco Hydraulics Ltd . news & tips , & F & O Quotes , NSE / BSE Forecast N..."
11-08-2025 06:45,"Interarch Build Share Price , Interarch Build Stock Price , Interarch Building Solutions Ltd . Stock Price , Share Price , Live BSE / NSE , Interarch Building Solutions Ltd . Bids Offers . Buy / Sell Interarch Building Solutions Ltd . news & tips , &..."
14-08-2025 15:15,"Pranik Logistic Share Price , Pranik Logistic Stock Price , Pranik Logistics Ltd . Stock Price , Share Price , Live BSE / NSE , Pranik Logistics Ltd . Bids Offers . Buy / Sell Pranik Logistics Ltd . news & tips , & F & O Quotes , NSE / BSE Forecast N..."
13-08-2025 09:00,"Umiya Mobile Share Price , Umiya Mobile Stock Price , Umiya Mobile Ltd . Stock Price , Share Price , Live BSE / NSE , Umiya Mobile Ltd . Bids Offers . Buy / Sell Umiya Mobile Ltd . news & tips , & F & O Quotes , NSE / BSE Forecast News and Live Quote..."
13-08-2025 12:15,"Technical View : Nifty needs clear breakout above 24 , 700 to sustain bullish momentum ; Bank Nifty indicates bullish reversal"
13-08-2025 03:30,First Tick : Here are the top global cues for today trade
11-08-2025 04:30,"Asian Paints share price falls 0 . 65 %, stock among top losers on Nifty 50"
11-08-2025 04:30,Garden Reach Shipbuilders shares gain after delivering strong Q1 results
13-08-2025 01:45,Trade setup for August 13 : Top 15 things to know before the opening bells
13-08-2025 01:45,"Trading Plan : Will Nifty 50 , Bank Nifty retest their previous day highs ? "
13-08-2025 09:00,"Landmark Cars shares jump 15 % as revenue , profit grows in double - digits in Q1"
11-08-2025 06:45,"Voltas shares slump 8 % after Q1 results miss Street estimates , brokerages remain cautious"
10-08-2025 17:45,"Dalal Street Week Ahead : India , US inflation , tariff developments , Trump - Putin meet among 10 key factors to watch"
13-08-2025 03:30,Domestic mutual fund schemes that can give you indirect access to global markets
14-08-2025 04:30,"Nifty , Sensex set to snap 6 - week losing streak ; key levels to watch on August 14"
12-08-2025 04:45,Siemens shares rise 2 . 06 % in early trade
13-08-2025 03:30,"Bharat Dynamics shares in focus after stellar Q1 : Should you buy , sell , or hold ? "
14-08-2025 04:30,"Muthoot Finance shares in focus as Q1 beat across metrics : Should you buy , sell , or hold ? "
14-08-2025 04:30,Tata Steel shares fall 1 . 67 %; stock among top losers on Nifty 50
11-08-2025 04:30,Will Dalal Street snap six - week losing streak or extend losses ? Key levels to watch on August 11
11-08-2025 15:30,"FIIs net sell shares worth Rs 1 , 202 crore ; DIIs net buyer of Rs 5 , 972 crore - shares"
13-08-2025 12:00,What if you invested just before a crash ? Even the worst - timed investments delivered 9 – 15 % annually . 
12-08-2025 04:45,"Key highlights of MF flows in July : Record equity inflows , Rs 9 , 000 cr in NFOs , SIPs on record - breaking spree"
13-08-2025 04:45,"Apollo Hospitals Enterprises shares surge 6 % with high volume , among top gainers on Nifty 50"
11-08-2025 04:30,"Nifty 50 Top Gainers : Grasim , SBI , Adani Enterprises , Trent stocks lead index in today session"
10-08-2025 05:00,"Chartist Talk : Nifty technical setup signals caution , but outlook bullish on these 4 stocks for next week , says Sudeep Shah of SBI Securities"
11-08-2025 04:30,"Moneycontrol Pro Market Outlook | Critical support shattered , further weakness likely"
14-08-2025 04:30,Infosys shares gain 1 . 52 % in early trade
14-08-2025 04:30,"Trade Spotlight : How should you trade Mahindra and Mahindra , NMDC Steel , Eternal , MCX India , Indian Hotels , and others on August 14 ? "
12-08-2025 04:45,"Chartist Talk : Nifty needs to break above 24 , 640 to trap late short sellers for short covering rally to 24 , 800 ; buy these 2 stocks , says Ashish Kyal"
12-08-2025 04:45,"Tata Steel , Hero Motocorp stocks among top gainers on Nifty 50 in early trade"
14-08-2025 04:30,Info Edge India shares rise 2 . 44 % in early trade
13-08-2025 03:30,"Stock Market LIVE Updates : GIFT Nifty suggests a strong opening ; Nykaa , ONGC , NSDL , RCF in focus"
14-08-2025 08:00,From hunting upside to managing risk : S Naren on navigating today markets
22-08-2025 16:30,"NSE Nifty 50 Reshuffle : Max Healthcare , InterGlobe Aviation in ; IndusInd Bank , Hero out"
18-08-2025 11:45,"Technical View : Strong rally fuels bullish hopes , but Nifty must hold Monday low for further uptrend"
20-08-2025 12:15,"Technical View : Five - day gaining streak help Nifty bulls clear 50 % retracement , could target 25 , 300 ; Bank Nifty disappoints"
22-08-2025 12:30,"Technical View : Bears may tighten grip if Nifty decisively breaks 24 , 700 next week ; Bank Nifty near 100 - day EMA support"
22-08-2025 11:00,"Nifty under 25 , 000 , Sensex stumbles 700 points to snap six - day rally as FMCG stocks drag"
22-08-2025 11:00,"Taking Stock : Six - day gaining streak snaps , Nifty below 24 , 900 , Sensex down nearly 700 pts"
19-08-2025 03:15,Can Sensex and Nifty extend gains for a fourth session ? Key levels to track on August 19
21-08-2025 04:00,"Shri Vasuprada Share Price , Shri Vasuprada Stock Price , Shri Vasuprada Plantations Ltd . Stock Price , Share Price , Live BSE / NSE , Shri Vasuprada Plantations Ltd . Bids Offers . Buy / Sell Shri Vasuprada Plantations Ltd . news & tips , & F & O Q..."
23-08-2025 03:00,"Emkay Tools Share Price , Emkay Tools Stock Price , Emkay Tools Ltd Ltd . Stock Price , Share Price , Live BSE / NSE , Emkay Tools Ltd Ltd . Bids Offers . Buy / Sell Emkay Tools Ltd Ltd . news & tips , & F & O Quotes , NSE / BSE Forecast News and Liv..."
23-08-2025 03:00,"Tamboli Ind . Share Price , Tamboli Ind . Stock Price , Tamboli Industries Ltd . Stock Price , Share Price , Live BSE / NSE , Tamboli Industries Ltd . Bids Offers . Buy / Sell Tamboli Industries Ltd . news & tips , & F & O Quotes , NSE / BSE Forecast..."
19-08-2025 10:15,"Tata Motors , Adani Ports among top gainers on Nifty 50"
19-08-2025 05:45,"Nifty holds above 24 , 900 , Sensex flat as bulls take breather amid cooling volatility"
21-08-2025 04:00,RailTel Corp shares in focus as it secures multiple orders worth over Rs 50 crore
19-08-2025 09:15,India trails EMs by widest margin in 15 years . Can the tide turn ? 
17-08-2025 18:15,Trade setup for August 18 : Top 15 things to know before the opening bells
20-08-2025 02:00,Trade setup for August 20 : Top 15 things to know before the opening bells
19-08-2025 03:15,Trade setup for August 19 : Top 15 things to know before the opening bells
21-08-2025 04:00,Tech Mahindra shares in focus as it incorporates Saudi arm to expand footprint
21-08-2025 04:00,"Stock Market LIVE Updates : Sensex , Nifty gain at pre - open ; Clean Science , India Cements , RailTel Corp , Jupiter Wagons in focus"
18-08-2025 10:00,"Proposed GST reform fires up Dalal Street bulls , Nifty rallies 300 points driven by auto stocks"
22-08-2025 14:45,"DIIs turn net sellers after a month , of Indian equities worth Rs 329 crore ; FIIs net sold Rs 1 , 623 crore"
17-08-2025 15:45,"Dalal Street Week Ahead : Jackson Hole Symposium , FOMC minutes , manufacturing & services PMI flash numbers among key factors to watch"
18-08-2025 01:45,Corporate earnings stumble as weak demand drags growth to multi - quarter lows
18-08-2025 11:00,Infosys shares fall 0 . 82 % after change in last 1 hour
20-08-2025 02:00,"Trading Plan : Can Nifty 50 , Bank Nifty extend gains for a fifth straight session ? "
20-08-2025 04:45,"Sensex Today Live : Sensex flat , Nifty above 24 , 950 ; Nazara Tech down 5 %, Ola Electric up 7 % "
18-08-2025 01:45,"Trading Plan : Will Nifty 50 , Bank Nifty extend their upward journey this week ? "
20-08-2025 04:45,"Nifty top gainers : Bharti Airtel , Infosys stocks lead gains on Nifty 50 index today"
18-08-2025 08:45,Grasim Industries shares jump 3 . 11 % amid volume surge
18-08-2025 10:45,Hindalco Industries shares jump 2 . 88 % amid volume surge
19-08-2025 05:45,"Hyundai Motor India shares jump 2 . 96 % with high volumes , among top gainers on Nifty Next 50"
20-08-2025 04:45,Tata Consultancy Services shares rise in early trade
22-08-2025 03:30,"Trade Spotlight : How should you trade DMart , Can Fin Homes , Radico Khaitan , Cipla , Dr Reddys Labs , Caplin Point , Afcons Infra , and others on August 22 ? "
20-08-2025 07:00,Swiggy shares rise 2 . 03 % in Wednesday trading session
20-08-2025 07:00,Divis Laboratories shares fall 2 . 01 %; among top losers on Nifty Next 50
20-08-2025 07:00,LTIMindtree shares rise 2 . 08 % in Wednesday trading session
26-08-2025 02:15,"Stock Market LIVE Updates : GIFT Nifty indicates a weak start ; US , Asian markets fall"
28-08-2025 10:45,"Nifty sinks 200 points on monthly expiry , Trump tariffs drag Sensex as broader markets bleed"
30-08-2025 14:00,NSE revises quantity freeze limits for index derivatives from September 1
25-08-2025 11:45,"Technical View : Nifty forms inside bar pattern after no follow - through selling , crossing 25 , 000 crucial for further upside"
28-08-2025 10:45,"Use this tariff - driven market dip to buy stocks , current downturn is only temporary : Madhusudan Kela"
29-08-2025 05:15,Infosys shares fall 1 . 10 %; stock among top losers on Nifty 50
26-08-2025 05:15,Sun Pharma shares fall 2 . 59 %; stock among top losers on Nifty 50
30-08-2025 02:45,"Chatha Foods Share Price , Chatha Foods Stock Price , Chatha Foods Ltd . Stock Price , Share Price , Live BSE / NSE , Chatha Foods Ltd . Bids Offers . Buy / Sell Chatha Foods Ltd . news & tips , & F & O Quotes , NSE / BSE Forecast News and Live Quote..."
28-08-2025 17:45,Trade setup for August 29 : Top 15 things to know before the opening bells
26-08-2025 05:15,Nestle shares rise 1 . 25 %; stock among top gainers on Nifty 50
26-08-2025 02:15,First Tick : Here are the top global cues for today trade
25-08-2025 04:15,"Stocks to Watch Today : Yes Bank , InterGlobe , Max Healthcare , Hero Moto , IndusInd , Titagarh Rail , Brigade Enterprises , IDBI Bank , Signpost in focus on 25 August"
25-08-2025 18:00,Trade setup for August 26 : Top 15 things to know before the opening bells
28-08-2025 01:45,"Trading Plan : Can Nifty 50 defend 100 - day EMA , Bank Nifty hold Tuesday low on monthly F & O expiry day ? "
27-08-2025 17:45,Trade setup for August 28 : Top 15 things to know before the opening bells
29-08-2025 05:15,ITC shares gain 1 . 41 %; stock among top gainers on Nifty 50
24-08-2025 17:15,"Dalal Street Week Ahead : Tariff deadline , India growth , US GDP & core PCE among 10 key factors to watch"
29-08-2025 09:15,"BSE , Angel One , other capital market stocks drop up to 2 % on weak investor sentiment"
25-08-2025 10:15,"Nifty gives up 25 , 000 , Sensex rises on dovish Fed Chair commentary , IT stocks rally"
29-08-2025 05:15,"Sensex , Nifty set to rebound after 2 - day slide ; key levels to watch on August 29"
25-08-2025 04:15,First Tick : Here are the top global cues for today trade
26-08-2025 05:15,"Sensex , Nifty set for a weak start as Trump signals 50 % tariffs ; key levels to track on August 26"
26-08-2025 07:45,"HUL , Nestle , Eicher Motors among top gainers on Nifty 50"
26-08-2025 05:15,Hindustan Unilever shares gain 0 . 97 %; stock among top gainers on Nifty 50
26-08-2025 05:15,Infosys shares gain in morning trade ; up 0 . 25 % 
26-08-2025 07:45,Maruti Suzuki India shares rise 2 . 04 % in Tuesday session
26-08-2025 07:45,Britannia Industries shares surge 3 . 37 % amid volume surge
25-08-2025 10:15,Hyundai Motor India shares surge 4 . 12 % amid high volume
29-08-2025 05:15,"Swiggy shares fall 2 . 08 % in early trade , among top losers on Nifty Next 50"
29-08-2025 05:15,Lodha Developers share price falls 2 . 03 % in early trade
02-09-2025 09:00,Dr Reddys Labs share price falls 1 . 19 %; stock among top losers on Nifty 50
03-09-2025 08:00,Coal India shares rise 2 . 66 %; stock among top gainers on Nifty 50
03-09-2025 12:00,"Technical View : Nifty rebounds , but 24 , 750 remains key for sustained rally ; Bank Nifty awaits range breakout"
02-09-2025 10:00,"Oxford Ind Share Price , Oxford Ind Stock Price , Oxford Industries Ltd . Stock Price , Share Price , Live BSE / NSE , Oxford Industries Ltd . Bids Offers . Buy / Sell Oxford Industries Ltd . news & tips , & F & O Quotes , NSE / BSE Forecast News and..."
05-09-2025 04:30,"Abril Paper Tec Share Price , Abril Paper Tec Stock Price , Abril Paper Tech Ltd . Stock Price , Share Price , Live BSE / NSE , Abril Paper Tech Ltd . Bids Offers . Buy / Sell Abril Paper Tech Ltd . news & tips , & F & O Quotes , NSE / BSE Forecast N..."
01-09-2025 09:45,"Sensex gains 500 pts , Nifty above 24 , 600 : Upbeat Q1 GDP data among key factors behind market rise"
02-09-2025 04:45,Dr Reddys Labs share price falls 1 . 23 %; stock among top losers on Nifty 50
02-09-2025 04:45,"Sensex , Nifty extend gains to second day as volatility eases ; Sugar stocks sweeten trade"
03-09-2025 08:00,"Nifty sees choppy trade , Sensex flat while metal stocks rally , investors eye GST meet"
02-09-2025 07:45,"Nifty trades higher on first Tuesday expiry , Sensex gains while all sectors shine in green"
05-09-2025 04:30,"Sensex , Nifty set to extend gains to second day - Key levels to track on September 5"
31-08-2025 18:30,Trade setup for September 1 : Top 15 things to know before the opening bells
02-09-2025 08:45,"Larsen & Toubro share price trades flat ; stock touches day high of Rs 3 , 619 . 90"
02-09-2025 12:45,"US futures lower as tariff ruling sparks caution , Asia ends mixed"
04-09-2025 08:15,Eicher Motors shares rise 1 . 66 % amid volume surge
02-09-2025 07:45,Nestle India shares rise 2 . 01 % in Tuesday session
04-09-2025 06:15,Bharti Airtel shares fall marginally in Thursday trade
01-09-2025 12:45,"Technical View : Nifty needs to hold 24 , 500 to rally towards 25 , 000 - 25 , 250 , Bank Nifty support lies at 53 , 500"
03-09-2025 08:00,Jindal Steel shares surge 4 . 32 % amid volume surge ; stock among top gainers on Nifty Next 50
03-09-2025 08:00,Power Grid Corporation of India shares see volume surge in Wednesday session
02-09-2025 04:45,Hindustan Unilever shares rise marginally in early trade
02-09-2025 04:45,Dabur India shares rise 2 . 26 % in early trade
02-09-2025 04:45,"Stock Market LIVE Updates : Sensex up 240 pts , Nifty above 24700 ; RIL , Eternal , PowerGrid , NTPC top gainers"
05-09-2025 04:30,"Stock Market LIVE Updates : Sensex up 150 pts , Nifty above 24 , 750 ; SBI Life , Asian Paints , Trent top gainers"
02-09-2025 04:45,Bharti Airtel shares rise marginally in early trade
04-09-2025 06:15,Godrej Consumer Products shares fall 2 . 06 %; stock among top losers on Nifty Next 50
08-09-2025 02:30,Gold or stocks ? Which is the better Diwali bet ? 
09-09-2025 03:00,"Bajaj Auto shares rise 3 . 84 % on Monday , among top gainers on Nifty 50"
12-09-2025 10:45,"Taking Stock : Nifty back above 25 , 100 , Sensex up 356 points after biggest week in nearly three months"
09-09-2025 11:45,Technical View : Nifty trades above 50 - DEMA after rising for 5th day but resistance trendline breakout crucial for further rally
09-09-2025 10:00,"Flysbs Aviation Share Price , Flysbs Aviation Stock Price , Flysbs Aviation Ltd . Stock Price , Share Price , Live BSE / NSE , Flysbs Aviation Ltd . Bids Offers . Buy / Sell Flysbs Aviation Ltd . news & tips , & F & O Quotes , NSE / BSE Forecast News..."
09-09-2025 03:00,"NIFTY BANK Index Live , 09 September 2025 : Nifty Bank historical performance shows weekly gain , monthly decline"
12-09-2025 10:00,"Aplab PP Share Price , Aplab PP Stock Price , Aplab PP Ltd . Stock Price , Share Price , Live BSE / NSE , Aplab PP Ltd . Bids Offers . Buy / Sell Aplab PP Ltd . news & tips , & F & O Quotes , NSE / BSE Forecast News and Live Quotes"
11-09-2025 04:45,"James Warren Share Price , James Warren Stock Price , James Warren Tea Ltd . Stock Price , Share Price , Live BSE / NSE , James Warren Tea Ltd . Bids Offers . Buy / Sell James Warren Tea Ltd . news & tips , & F & O Quotes , NSE / BSE Forecast News an..."
11-09-2025 04:45,"Positive index contributors on Nifty 50 include Reliance , Bajaj Finance , and SBI"
10-09-2025 11:30,"Technical View : Nifty gains for 6 days , but must sustain above 25 , 000 to break lower high – lower low pattern"
10-09-2025 03:45,Will Nifty extend gains to sixth session ? Key levels to watch on September 10
08-09-2025 17:30,Trade setup for September 9 : Top 15 things to know before the opening bells
07-09-2025 18:15,Trade setup for September 8 : Top 15 things to know before the opening bells
12-09-2025 10:15,Bharat Electronics shares surge 3 . 26 % amid high volume in today session
10-09-2025 03:45,"Stock Market LIVE Updates : GIFT Nifty hits a positive start ; Kotak Mahindra Bank , Vikram Solar , Bikaji Foods in focus"
07-09-2025 17:00,"Dalal Street Week Ahead : India & US inflation , ECB interest rate decision , China NPC Meet among 10 key factors to watch"
10-09-2025 06:15,"Nifty gains for sixth day , Sensex opens gap - up over optimism on India - U . S . trade talks"
12-09-2025 07:15,HUL shares fall 1 . 45 %; stock among top losers on Nifty 50
09-09-2025 05:00,Tech Mahindra shares rise 2 . 12 % in early trade
10-09-2025 06:15,Infosys share price rises 1 . 51 %; stock among top gainers on Nifty 50 in today session
08-09-2025 05:30,"Nifty rises for fourth session , Sensex firm in green as auto , metal stocks drive gains"
08-09-2025 05:30,"Tata Motors , Tata Steel , JSW Steel stocks among top gainers on Nifty 50"
08-09-2025 10:00,"New GST rates to boost automotive demand , create jobs and investment , says government"
12-09-2025 10:15,Infosys shares gain 1 . 28 % in today session ; over 1 . 2 crore shares traded
09-09-2025 05:00,Infosys shares rise 2 . 87 % in early trade on Tuesday
09-09-2025 08:00,"Larsen & Toubro shares trade flat ; stock touches day high of Rs 3 , 550"
08-09-2025 05:30,Hero Motocorp shares rise 2 . 37 % in morning trade
09-09-2025 08:00,"Hindustan Unilever shares trade higher , touch day low of Rs 2 , 611 . 30"
12-09-2025 09:15,Hindalco Industries shares rise 2 . 05 % in today trading
12-09-2025 12:30,Tech trajectories of India and U . S . are intertwined . A rupture could leave China the victor in the AI battle
08-09-2025 02:30,Moneycontrol Pro Market Outlook | Has the market created a short trap for FIIs ? 
11-09-2025 04:45,"Five years since listing , Mindspace REIT looks to cash in on leasing growth , new developments"
08-09-2025 05:30,Jindal Steel shares rise 2 . 05 % in morning trade
10-09-2025 06:15,"HCL Tech , Tech Mahindra shares among top gainers on Nifty 50"
12-09-2025 10:00,Hyundai Motor India shares rise 2 . 23 % in today trading
09-09-2025 05:00,Swiggy shares fall 2 . 06 % in early trade
12-09-2025 10:00,Adani Energy Solutions shares rise 2 % in Friday trade
